{
    "Pro54-5G WT": {
        "mass": 1.6319,
        "casing_mass": 0.6505,
        "propellant_mass": [0.9814, 0.980199, 0.973845, 0.954775, 0.924091, 0.860883, 0.796689, 0.732008, 0.667196, 0.537966, 0.473866, 0.410809, 0.349074, 0.288868, 0.229896, 0.172367, 0.116955, 0.629789, 0.380739, 0.177286, 0.114575, 0.67777, 0.327626, 0.1898, 0.0811551, 0.0164189, 0.0],
        "thrust_time": [0.0, 0.01, 0.02, 0.05, 0.1, 0.2, 0.3, 0.4, 0.5, 0.7, 0.8, 0.9, 1.0, 1.1, 1.2, 1.3, 1.4, 1.5, 1.55, 1.6, 1.62, 1.64, 1.66, 1.67, 1.68, 1.69, 1.7],
        "thrust_force": [0.0, 492.25, 1369.46, 1236.01, 1279.47, 1311.39, 1319.85, 1331.39, 1325.23, 1323.31, 1304.08, 1280.62, 1249.86, 1217.94, 1199.29, 1158.77, 1112.56, 1099.87, 941.81, 726.07, 559.17, 399.95, 317.66, 247.28, 198.05, 67.3, 0.0],
        "total_impulse": 0
    },
    "Pro54-5G C": {
        "mass": 1.6850,
        "casing_mass": 0.652,
        "propellant_mass": [1.0330, 1.02176, 1.01104, 0.97987, 0.958701, 0.916641, 0.83474, 0.642195, 0.467961, 0.313149, 0.176647, 0.680288, 0.569866, 0.387864, 0.162581, 0.527144, 0.227506, 0.0665878, 0.0],
        "thrust_time": [0.0, 0.05, 0.075, 0.15, 0.2, 0.3, 0.5, 1.0, 1.5, 2.0, 2.5, 2.95, 3.0, 3.1, 3.3, 3.5, 3.6, 3.7, 3.9],
        "thrust_force": [0.0, 900.765, 818.472, 847.386, 849.61, 836.265, 805.128, 738.405, 658.337, 582.717, 511.545, 455.943, 429.253, 300.255, 151.239, 68.947, 51.155, 13.345, 0.0],
        "total_impulse": 0
    }
}